page_index,mode,predicted_label,predicted_label_2,predicted_label_image,predicted_label_fused,predicted_label_text,predicted_label_base,text_source,query_text_kind,text_chars,text_empty,vlm_keywords_snippet,top1_score,top1_label_by_score,top2_score,margin_top1_top2,margin_norm,z_gap_top1_top2,label_score_agg,label_score_topk,score_style,fused_giay_gui_tien_tiet_kiem,fused_the_tiet_kiem_ban_sao,fused_to_trinh_uu_dai_lai_suat,fused_to_trinh_lai_suat_uu_dai_khach_hang,fused_giay_to_chung_minh_cu_tru,fused_so_quy,fused_liet_ke_giao_dich,fused_giay_de_nghi_tiep_quy,fused_giay_de_nghi_phong_toa,fused_giay_phong_toa_tam_khoa_tk,fused_giay_go_tam_khoa_tai_khoan,fused_giay_rut_tien,fused_giay_rut_tien_tiet_kiem,fused_giay_nop_chuyen_tien,fused_lenh_chuyen_tien,fused_giay_de_nghi_hoan_quy,fused_blank,img_giay_gui_tien_tiet_kiem,img_the_tiet_kiem_ban_sao,img_to_trinh_uu_dai_lai_suat,img_to_trinh_lai_suat_uu_dai_khach_hang,img_giay_to_chung_minh_cu_tru,img_so_quy,img_liet_ke_giao_dich,img_giay_de_nghi_tiep_quy,img_giay_de_nghi_phong_toa,img_giay_phong_toa_tam_khoa_tk,img_giay_go_tam_khoa_tai_khoan,img_giay_rut_tien,img_giay_rut_tien_tiet_kiem,img_giay_nop_chuyen_tien,img_lenh_chuyen_tien,img_giay_de_nghi_hoan_quy,img_blank,txt_giay_gui_tien_tiet_kiem,txt_the_tiet_kiem_ban_sao,txt_to_trinh_uu_dai_lai_suat,txt_to_trinh_lai_suat_uu_dai_khach_hang,txt_giay_to_chung_minh_cu_tru,txt_so_quy,txt_liet_ke_giao_dich,txt_giay_de_nghi_tiep_quy,txt_giay_de_nghi_phong_toa,txt_giay_phong_toa_tam_khoa_tk,txt_giay_go_tam_khoa_tai_khoan,txt_giay_rut_tien,txt_giay_rut_tien_tiet_kiem,txt_giay_nop_chuyen_tien,txt_lenh_chuyen_tien,txt_giay_de_nghi_hoan_quy,txt_blank,pos_start,pos_mid,pos_end,pos_none,prob_giay_gui_tien_tiet_kiem,prob_the_tiet_kiem_ban_sao,prob_to_trinh_uu_dai_lai_suat,prob_to_trinh_lai_suat_uu_dai_khach_hang,prob_giay_to_chung_minh_cu_tru,prob_so_quy,prob_liet_ke_giao_dich,prob_giay_de_nghi_tiep_quy,prob_giay_de_nghi_phong_toa,prob_giay_phong_toa_tam_khoa_tk,prob_giay_go_tam_khoa_tai_khoan,prob_giay_rut_tien,prob_giay_rut_tien_tiet_kiem,prob_giay_nop_chuyen_tien,prob_lenh_chuyen_tien,prob_giay_de_nghi_hoan_quy,prob_blank
0,fused,liet_ke_giao_dich,start,liet_ke_giao_dich,liet_ke_giao_dich,blank,liet_ke_giao_dich,vlm,vlm_blank_characteristic,0,True,blank,0.794674,liet_ke_giao_dich,0.590493,0.204182,0.41276,1.87649,topk_mean,3,colpali,0.470192,0.564569,0.472981,0.339984,0.33901,0.590493,0.794674,0.496553,0.462297,0.523725,0.506828,0.551306,0.44403,0.540436,0.507251,0.498517,0.3,448.4921,458.4799,410.3331,395.1815,355.0637,488.5769,585.1653,422.6694,415.3172,440.3869,431.4703,453.5518,443.5399,449.2053,427.5234,423.0254,215.769,5.4523,6.9812,6.9741,4.861,6.3817,6.3508,6.7794,6.9781,6.5662,6.8483,6.8483,6.9017,5.1124,6.8483,7.0085,7.0042,10.94,0.780622,0.371294,0.688484,0.3,0.057076,0.062725,0.057235,0.050108,0.050059,0.064372,0.078954,0.058601,0.056627,0.060215,0.059206,0.061899,0.055602,0.06123,0.059231,0.058716,0.048144
1,fused,liet_ke_giao_dich,end,liet_ke_giao_dich,liet_ke_giao_dich,blank,liet_ke_giao_dich,vlm,vlm_blank_characteristic,0,True,blank,0.794674,liet_ke_giao_dich,0.623325,0.17135,0.346389,1.595608,topk_mean,3,colpali,0.497109,0.594088,0.478216,0.373931,0.364247,0.623325,0.794674,0.513602,0.481717,0.546255,0.534794,0.568739,0.469972,0.557765,0.523675,0.507493,0.3,441.597,452.0395,396.0082,396.0082,354.9106,481.3092,554.1611,413.077,407.4694,432.0196,426.461,441.6477,436.5729,437.6023,417.235,409.4879,214.6409,5.4523,6.9812,6.9741,4.861,6.3817,6.3508,6.7794,6.9781,6.5662,6.8483,6.8483,6.9017,5.1124,6.8483,7.0085,7.0042,10.94,0.747507,0.371346,0.777574,0.3,0.057529,0.063388,0.056452,0.050862,0.050372,0.065268,0.077467,0.058486,0.05665,0.060427,0.059738,0.061801,0.055989,0.061126,0.059078,0.058129,0.047237
2,fused,so_quy,start,so_quy,so_quy,blank,so_quy,vlm,vlm_blank_characteristic,0,True,blank,0.773526,so_quy,0.657419,0.116107,0.245196,1.086427,topk_mean,3,colpali,0.495168,0.5999,0.493627,0.386187,0.365316,0.773526,0.657419,0.529184,0.477966,0.558491,0.566976,0.568441,0.458901,0.556019,0.512551,0.53032,0.3,476.4843,491.9929,435.8919,434.2209,383.4178,600.4304,527.7339,454.6212,438.2581,473.5342,478.0284,477.4095,466.1617,472.2249,445.0173,454.5396,229.6791,5.4523,6.9812,6.9741,4.861,6.3817,6.3508,6.7794,6.9781,6.5662,6.8483,6.8483,6.9017,5.1124,6.8483,7.0085,7.0042,10.94,0.780622,0.361827,0.631619,0.3,0.057086,0.063389,0.056998,0.051192,0.050134,0.075408,0.067142,0.059061,0.056112,0.060818,0.061336,0.061426,0.055053,0.060667,0.058087,0.059128,0.046964
3,fused,blank,none,blank,blank,blank,blank,vlm,vlm_blank_characteristic,0,True,blank,1.0,blank,0.436109,0.563891,0.563891,2.840681,topk_mean,3,colpali,0.245287,0.416509,0.289012,0.0,0.398775,0.434135,0.332261,0.436109,0.239186,0.318173,0.311018,0.324821,0.095833,0.279201,0.40322,0.378671,1.0,395.5557,414.5294,389.3401,352.743,416.8778,424.1848,399.8123,418.4435,383.4565,396.3469,394.9295,397.1422,369.2708,388.6261,411.6304,406.8086,491.4228,5.4523,6.9812,6.9741,4.861,6.3817,6.3508,6.7794,6.9781,6.5662,6.8483,6.8483,6.9017,5.1124,6.8483,7.0085,7.0042,10.94,0.371753,0.0,0.428489,1.0,0.05196,0.061664,0.054283,0.040658,0.06058,0.062761,0.056682,0.062885,0.051644,0.055889,0.05549,0.056262,0.044747,0.053753,0.06085,0.059374,0.110519
4,fused,giay_de_nghi_tiep_quy,start,giay_de_nghi_tiep_quy,giay_de_nghi_tiep_quy,blank,giay_de_nghi_tiep_quy,vlm,vlm_blank_characteristic,0,True,blank,0.80448,giay_de_nghi_tiep_quy,0.775562,0.028918,0.052663,0.216669,topk_mean,3,colpali,0.447007,0.522429,0.487511,0.383226,0.255362,0.445863,0.434507,0.80448,0.471475,0.514495,0.506491,0.549078,0.428248,0.547222,0.478597,0.775562,0.3,501.6824,501.6644,479.4067,479.4067,348.7544,472.3956,451.4663,683.3736,482.0418,500.7781,495.6248,521.3497,500.4069,521.8506,472.5759,663.9228,232.6527,5.4523,6.9812,6.9741,4.861,6.3817,6.3508,6.7794,6.9781,6.5662,6.8483,6.8483,6.9017,5.1124,6.8483,7.0085,7.0042,10.94,0.780622,0.324502,0.471504,0.3,0.05576,0.060128,0.058064,0.052314,0.046035,0.055696,0.055067,0.07972,0.057141,0.059653,0.059177,0.061752,0.054723,0.061637,0.057549,0.077448,0.048137
5,fused,giay_de_nghi_tiep_quy,end,giay_de_nghi_tiep_quy,giay_de_nghi_tiep_quy,blank,giay_de_nghi_tiep_quy,vlm,vlm_blank_characteristic,0,True,blank,0.80448,giay_de_nghi_tiep_quy,0.797499,0.00698,0.013542,0.052423,topk_mean,3,colpali,0.565019,0.58924,0.515899,0.412115,0.289,0.554995,0.570068,0.80448,0.460565,0.559105,0.550065,0.646107,0.525687,0.61775,0.54183,0.797499,0.3,520.6345,492.8866,453.3522,453.6232,346.2897,491.1884,487.8978,609.5538,434.2832,480.1162,475.2195,525.8132,508.4182,511.8808,466.479,605.074,230.4047,5.4523,6.9812,6.9741,4.861,6.3817,6.3508,6.7794,6.9781,6.5662,6.8483,6.8483,6.9017,5.1124,6.8483,7.0085,7.0042,10.94,0.635157,0.32855,0.777574,0.3,0.059364,0.060819,0.056518,0.050946,0.045045,0.058771,0.059664,0.075425,0.053476,0.059013,0.058482,0.064378,0.057074,0.062578,0.058003,0.0749,0.045543
6,fused,giay_rut_tien,start,giay_rut_tien,giay_rut_tien,blank,giay_rut_tien,vlm,vlm_blank_characteristic,0,True,blank,0.800712,giay_rut_tien,0.72734,0.073372,0.146536,0.60962,topk_mean,3,colpali,0.551841,0.563147,0.48601,0.378616,0.315006,0.443947,0.480513,0.538589,0.508252,0.538723,0.526799,0.800712,0.543058,0.72734,0.545216,0.547511,0.3,561.9346,522.853,476.0683,474.1739,389.6924,469.1811,478.575,507.9849,501.8839,511.9671,504.7023,669.9872,566.8057,626.8877,511.1086,512.6349,243.4906,5.4523,6.9812,6.9741,4.861,6.3817,6.3508,6.7794,6.9781,6.5662,6.8483,6.8483,6.9017,5.1124,6.8483,7.0085,7.0042,10.94,0.780622,0.311815,0.473986,0.3,0.060441,0.061128,0.05659,0.050827,0.047695,0.054259,0.05628,0.059645,0.057863,0.059653,0.058946,0.07752,0.059912,0.072036,0.060042,0.06018,0.046985
7,fused,blank,end,giay_de_nghi_tiep_quy,blank,blank,blank,vlm,vlm_blank_characteristic,0,True,blank,0.815432,blank,0.80448,0.010952,0.013431,0.051199,topk_mean,3,colpali,0.401269,0.79879,0.310344,0.0,0.542184,0.683923,0.402439,0.80448,0.470745,0.474574,0.61207,0.580661,0.216941,0.545213,0.594444,0.741445,0.815432,394.1838,430.3321,375.5498,352.4225,404.8521,420.9314,386.9649,430.9881,395.8119,394.6792,410.1112,406.2904,375.3787,402.6074,407.246,423.7685,410.2728,5.4523,6.9812,6.9741,4.861,6.3817,6.3508,6.7794,6.9781,6.5662,6.8483,6.8483,6.9017,5.1124,6.8483,7.0085,7.0042,10.94,0.712815,0.0,0.777574,0.770415,0.05065,0.075373,0.046247,0.033908,0.058314,0.067194,0.050709,0.075803,0.054294,0.054502,0.062535,0.060602,0.042123,0.058491,0.061443,0.071173,0.076638
8,fused,giay_de_nghi_tiep_quy,start,giay_de_nghi_tiep_quy,giay_de_nghi_tiep_quy,blank,giay_de_nghi_tiep_quy,vlm,vlm_blank_characteristic,0,True,blank,0.80448,giay_de_nghi_tiep_quy,0.77342,0.03106,0.056227,0.233706,topk_mean,3,colpali,0.449755,0.519822,0.494085,0.391031,0.252082,0.444691,0.434483,0.80448,0.472785,0.509158,0.50523,0.546612,0.431514,0.542248,0.464798,0.77342,0.3,506.0002,502.4987,485.989,486.7896,347.6158,473.8697,453.4766,687.7285,485.2272,499.8285,497.2736,522.4734,505.0486,521.3489,465.8395,666.6895,232.4812,5.4523,6.9812,6.9741,4.861,6.3817,6.3508,6.7794,6.9781,6.5662,6.8483,6.8483,6.9017,5.1124,6.8483,7.0085,7.0042,10.94,0.780622,0.320947,0.472125,0.3,0.055968,0.06003,0.058505,0.052776,0.045929,0.055685,0.055119,0.079798,0.057272,0.059393,0.05916,0.06166,0.054956,0.061391,0.056816,0.077358,0.048184
9,fused,giay_de_nghi_tiep_quy,end,giay_de_nghi_tiep_quy,giay_de_nghi_tiep_quy,blank,giay_de_nghi_tiep_quy,vlm,vlm_blank_characteristic,0,True,blank,0.80448,giay_de_nghi_tiep_quy,0.795482,0.008998,0.017188,0.068235,topk_mean,3,colpali,0.502006,0.573514,0.498388,0.396669,0.280978,0.492946,0.511317,0.80448,0.461126,0.533271,0.530866,0.57737,0.453139,0.566083,0.524598,0.795482,0.3,549.2214,546.816,501.1975,502.7629,386.3963,516.643,514.9483,687.8194,490.7448,526.2655,524.7983,551.5627,529.6447,546.2834,516.1531,681.5428,260.7624,5.4523,6.9812,6.9741,4.861,6.3817,6.3508,6.7794,6.9781,6.5662,6.8483,6.8483,6.9017,5.1124,6.8483,7.0085,7.0042,10.94,0.631926,0.306068,0.777574,0.3,0.05739,0.061644,0.057183,0.051653,0.04601,0.056873,0.057927,0.077661,0.055092,0.059213,0.059071,0.061883,0.054653,0.061188,0.058702,0.076965,0.046893
10,fused,giay_de_nghi_tiep_quy,start,giay_de_nghi_tiep_quy,giay_de_nghi_tiep_quy,blank,giay_de_nghi_tiep_quy,vlm,vlm_blank_characteristic,0,True,blank,0.80448,giay_de_nghi_tiep_quy,0.774476,0.030004,0.054772,0.226337,topk_mean,3,colpali,0.451134,0.527876,0.498352,0.394987,0.256689,0.446201,0.435629,0.80448,0.479769,0.511977,0.511241,0.550001,0.433367,0.550437,0.474128,0.774476,0.3,505.1575,506.0031,486.9023,487.5047,347.8191,472.8963,452.1274,687.208,487.9139,499.887,499.4053,523.0579,504.51,525.0684,469.9323,666.7188,228.892,5.4523,6.9812,6.9741,4.861,6.3817,6.3508,6.7794,6.9781,6.5662,6.8483,6.8483,6.9017,5.1124,6.8483,7.0085,7.0042,10.94,0.780622,0.328938,0.477627,0.3,0.055836,0.06029,0.058536,0.052788,0.04597,0.055562,0.054977,0.079501,0.057458,0.059339,0.059295,0.061639,0.054853,0.061666,0.057135,0.077151,0.048004
11,fused,giay_de_nghi_tiep_quy,end,giay_de_nghi_tiep_quy,giay_de_nghi_tiep_quy,blank,giay_de_nghi_tiep_quy,vlm,vlm_blank_characteristic,0,True,blank,0.80448,giay_de_nghi_tiep_quy,0.799869,0.004611,0.008803,0.034762,topk_mean,3,colpali,0.499034,0.567772,0.498222,0.394688,0.280717,0.490809,0.505793,0.80448,0.462721,0.534857,0.534987,0.576615,0.448746,0.566901,0.529518,0.799869,0.3,548.1875,544.0831,501.771,502.2302,386.6527,516.0461,512.2768,688.915,492.3714,527.9671,528.0466,551.8893,527.6975,547.5602,519.8703,685.3069,260.8954,5.4523,6.9812,6.9741,4.861,6.3817,6.3508,6.7794,6.9781,6.5662,6.8483,6.8483,6.9017,5.1124,6.8483,7.0085,7.0042,10.94,0.632729,0.306937,0.777574,0.3,0.057235,0.061308,0.057189,0.051564,0.04601,0.056767,0.057624,0.077682,0.055194,0.059323,0.059331,0.061853,0.054428,0.061255,0.059007,0.077324,0.046906
12,fused,giay_rut_tien,start,giay_rut_tien,giay_rut_tien,blank,giay_rut_tien,vlm,vlm_blank_characteristic,0,True,blank,0.800712,giay_rut_tien,0.745169,0.055543,0.110929,0.456707,topk_mean,3,colpali,0.549559,0.571491,0.49731,0.39164,0.315102,0.453645,0.489483,0.552513,0.517736,0.546104,0.539335,0.800712,0.546906,0.745169,0.555955,0.566375,0.3,558.5494,525.6157,480.182,479.3301,386.0467,472.2401,481.2801,514.0333,505.1388,514.0288,509.8629,669.0878,567.2421,636.5286,515.2278,521.7691,238.3233,5.4523,6.9812,6.9741,4.861,6.3817,6.3508,6.7794,6.9781,6.5662,6.8483,6.8483,6.9017,5.1124,6.8483,7.0085,7.0042,10.94,0.780622,0.326168,0.499301,0.3,0.059788,0.061113,0.056744,0.051054,0.047292,0.05432,0.056302,0.059965,0.057915,0.059581,0.059179,0.076857,0.059629,0.072705,0.060171,0.060801,0.046583
13,fused,giay_de_nghi_tiep_quy,end,giay_de_nghi_tiep_quy,giay_de_nghi_tiep_quy,blank,giay_de_nghi_tiep_quy,vlm,vlm_blank_characteristic,0,True,blank,0.80448,giay_de_nghi_tiep_quy,0.802375,0.002104,0.002616,0.009705,topk_mean,3,colpali,0.369733,0.802375,0.228773,0.0,0.518918,0.660771,0.387294,0.80448,0.489732,0.440294,0.612793,0.57665,0.172296,0.54208,0.531687,0.737083,0.718318,402.9033,441.0866,379.8068,366.4992,413.9482,429.2749,397.7799,441.3282,409.8547,403.0816,421.5215,417.3763,383.5911,413.9624,412.0067,433.9857,411.2168,5.4523,6.9812,6.9741,4.861,6.3817,6.3508,6.7794,6.9781,6.5662,6.8483,6.8483,6.9017,5.1124,6.8483,7.0085,7.0042,10.94,0.745503,0.0,0.777574,0.728093,0.050218,0.077403,0.043616,0.034697,0.058298,0.067183,0.051108,0.077566,0.056621,0.05389,0.064036,0.061762,0.041221,0.059664,0.059047,0.07251,0.071162
14,fused,giay_de_nghi_tiep_quy,start,giay_de_nghi_tiep_quy,giay_de_nghi_tiep_quy,blank,giay_de_nghi_tiep_quy,vlm,vlm_blank_characteristic,0,True,blank,0.80448,giay_de_nghi_tiep_quy,0.78976,0.01472,0.02694,0.10955,topk_mean,3,colpali,0.446656,0.521001,0.496694,0.392409,0.258101,0.445303,0.432621,0.80448,0.479702,0.508286,0.506594,0.541379,0.423902,0.535396,0.461493,0.78976,0.3,485.8365,485.143,470.1252,470.1252,338.8829,457.1916,435.9839,662.9501,472.0916,481.2838,480.2227,500.3775,482.09,498.2785,446.9959,652.9138,224.1297,5.4523,6.9812,6.9741,4.861,6.3817,6.3508,6.7794,6.9781,6.5662,6.8483,6.8483,6.9017,5.1124,6.8483,7.0085,7.0042,10.94,0.780622,0.329481,0.476329,0.3,0.055756,0.060059,0.058617,0.052812,0.046175,0.055681,0.054979,0.079743,0.05763,0.059301,0.0592,0.061296,0.054502,0.06093,0.05659,0.078578,0.048151
15,fused,giay_de_nghi_tiep_quy,end,giay_de_nghi_tiep_quy,giay_de_nghi_tiep_quy,blank,giay_de_nghi_tiep_quy,vlm,vlm_blank_characteristic,0,True,blank,0.80448,giay_de_nghi_tiep_quy,0.796425,0.008055,0.015343,0.060741,topk_mean,3,colpali,0.500868,0.574956,0.496253,0.392378,0.279464,0.495389,0.505008,0.80448,0.456273,0.534817,0.537258,0.575109,0.4536,0.567962,0.528559,0.796425,0.3,534.132,533.3107,486.0899,486.337,373.0579,504.107,497.1587,671.7319,474.1262,513.0726,514.5436,535.7676,515.7563,533.0478,504.5383,666.0998,249.8628,5.4523,6.9812,6.9741,4.861,6.3817,6.3508,6.7794,6.9781,6.5662,6.8483,6.8483,6.9017,5.1124,6.8483,7.0085,7.0042,10.94,0.624168,0.307196,0.777574,0.3,0.057331,0.06174,0.057067,0.051437,0.045945,0.057018,0.057569,0.077669,0.054831,0.059311,0.059456,0.061749,0.054684,0.06131,0.058941,0.077046,0.046898
16,fused,giay_rut_tien,start,giay_rut_tien,giay_rut_tien,blank,giay_rut_tien,vlm,vlm_blank_characteristic,0,True,blank,0.800712,giay_rut_tien,0.760759,0.039953,0.079793,0.327692,topk_mean,3,colpali,0.561832,0.598478,0.517147,0.412862,0.325332,0.457665,0.497222,0.564983,0.532624,0.556318,0.554362,0.800712,0.562697,0.760759,0.561409,0.573337,0.3,538.7639,516.2552,469.2816,469.2817,374.9764,452.6205,463.2985,496.9167,489.9353,495.6036,494.4694,635.8394,548.9984,614.192,493.9732,501.0138,229.7964,5.4523,6.9812,6.9741,4.861,6.3817,6.3508,6.7794,6.9781,6.5662,6.8483,6.8483,6.9017,5.1124,6.8483,7.0085,7.0042,10.94,0.780622,0.334994,0.520586,0.3,0.059822,0.062055,0.057208,0.051543,0.047223,0.053905,0.05608,0.060011,0.058101,0.059494,0.059377,0.075964,0.059874,0.072989,0.059797,0.060515,0.046042
17,fused,blank,none,blank,blank,blank,blank,vlm,vlm_blank_characteristic,0,True,blank,1.0,blank,0.797981,0.202019,0.202019,0.854357,topk_mean,3,colpali,0.369225,0.778912,0.270586,0.0,0.577626,0.710094,0.438529,0.797981,0.461428,0.437785,0.567746,0.553555,0.173132,0.50587,0.585618,0.711109,1.0,405.3485,440.2595,387.2016,369.8314,422.3256,436.321,405.747,442.2676,409.2374,405.3138,418.8882,417.1308,386.619,412.4253,419.9295,433.059,442.9464,5.4523,6.9812,6.9741,4.861,6.3817,6.3508,6.7794,6.9781,6.5662,6.8483,6.8483,6.9017,5.1124,6.8483,7.0085,7.0042,10.94,0.719587,0.0,0.777574,0.945482,0.048936,0.073715,0.044339,0.033828,0.060275,0.068812,0.052448,0.075134,0.053663,0.052409,0.059682,0.058841,0.040222,0.056101,0.060758,0.068882,0.091954
18,fused,giay_nop_chuyen_tien,start,giay_nop_chuyen_tien,giay_nop_chuyen_tien,blank,giay_nop_chuyen_tien,vlm,vlm_blank_characteristic,0,True,blank,0.798078,giay_nop_chuyen_tien,0.721842,0.076236,0.15306,0.630765,topk_mean,3,colpali,0.553521,0.5759,0.488372,0.382744,0.302856,0.437958,0.473932,0.538246,0.509818,0.53166,0.525597,0.721842,0.52597,0.798078,0.54891,0.545742,0.3,572.9254,539.7812,485.337,484.4986,387.7376,473.0627,482.3214,516.3631,511.3018,516.2479,512.4617,633.3752,566.1975,682.6312,522.0856,520.2386,245.4675,5.4523,6.9812,6.9741,4.861,6.3817,6.3508,6.7794,6.9781,6.5662,6.8483,6.8483,6.9017,5.1124,6.8483,7.0085,7.0042,10.94,0.780622,0.313995,0.496312,0.3,0.060661,0.062034,0.056835,0.051138,0.047211,0.054041,0.05602,0.059742,0.058067,0.059349,0.058991,0.071781,0.059013,0.077468,0.060382,0.060191,0.047077
19,fused,blank,none,blank,blank,blank,blank,vlm,vlm_blank_characteristic,0,True,blank,1.0,blank,0.676012,0.323988,0.323988,1.510972,topk_mean,3,colpali,0.378845,0.653228,0.335146,0.0,0.548124,0.676012,0.453744,0.675974,0.367253,0.421819,0.48291,0.485302,0.16786,0.421298,0.568868,0.593186,1.0,392.0443,414.1433,378.8473,353.2014,405.7544,420.1303,393.0897,416.6875,384.65,389.1651,395.9517,395.9247,370.4703,389.1073,404.6226,407.3474,430.9629,5.4523,6.9812,6.9741,4.861,6.3817,6.3508,6.7794,6.9781,6.5662,6.8483,6.8483,6.9017,5.1124,6.8483,7.0085,7.0042,10.94,0.658371,0.0,0.739916,1.0,0.051736,0.06807,0.049524,0.035421,0.061279,0.069639,0.05576,0.069636,0.05114,0.054008,0.05741,0.057548,0.041895,0.05398,0.062563,0.064104,0.096285
20,fused,giay_rut_tien,start,giay_rut_tien,giay_rut_tien,blank,giay_rut_tien,vlm,vlm_blank_characteristic,0,True,blank,0.800712,giay_rut_tien,0.762442,0.03827,0.076432,0.311485,topk_mean,3,colpali,0.562003,0.589095,0.510573,0.406288,0.318496,0.455429,0.49529,0.557961,0.526821,0.551786,0.547134,0.800712,0.564216,0.762442,0.556247,0.569118,0.3,569.6645,540.1553,492.454,492.454,393.0855,477.5736,488.9921,521.2521,514.6516,521.3904,518.5514,671.6822,581.2533,649.9363,519.2905,527.273,244.5294,5.4523,6.9812,6.9741,4.861,6.3817,6.3508,6.7794,6.9781,6.5662,6.8483,6.8483,6.9017,5.1124,6.8483,7.0085,7.0042,10.94,0.780622,0.329561,0.510256,0.3,0.060051,0.0617,0.057041,0.051392,0.047072,0.05398,0.056175,0.059809,0.057975,0.059441,0.059165,0.076241,0.060184,0.073379,0.059706,0.06048,0.04621
21,fused,blank,none,the_tiet_kiem_ban_sao,blank,blank,blank,vlm,vlm_blank_characteristic,0,True,blank,0.918103,blank,0.804636,0.113467,0.123588,0.48983,topk_mean,3,colpali,0.38561,0.804636,0.232382,0.0,0.609928,0.729439,0.421982,0.788272,0.437394,0.470803,0.586573,0.539479,0.176621,0.477371,0.556466,0.701336,0.918103,392.4807,424.9066,370.9317,358.8423,409.323,420.7458,389.7328,423.377,392.18,394.0192,404.9453,400.2521,374.3404,394.6391,401.3581,415.0504,417.1774,5.4523,6.9812,6.9741,4.861,6.3817,6.3508,6.7794,6.9781,6.5662,6.8483,6.8483,6.9017,5.1124,6.8483,7.0085,7.0042,10.94,0.752404,0.0,0.777574,0.883748,0.050119,0.076206,0.042999,0.034083,0.062723,0.070685,0.051976,0.074969,0.052783,0.054576,0.061275,0.058456,0.040667,0.054936,0.059458,0.068726,0.085362
22,fused,giay_rut_tien,start,giay_rut_tien,giay_rut_tien,blank,giay_rut_tien,vlm,vlm_blank_characteristic,0,True,blank,0.800712,giay_rut_tien,0.759279,0.041433,0.082748,0.340132,topk_mean,3,colpali,0.555696,0.585178,0.513878,0.409511,0.324158,0.449866,0.491532,0.562401,0.53062,0.547924,0.542417,0.800712,0.559795,0.759279,0.556992,0.57207,0.3,561.1069,533.1547,490.0127,489.9629,392.427,469.7924,482.2687,519.3997,512.4326,514.4894,511.1407,666.6006,573.8015,643.0081,515.1979,524.4942,240.9509,5.4523,6.9812,6.9741,4.861,6.3817,6.3508,6.7794,6.9781,6.5662,6.8483,6.8483,6.9017,5.1124,6.8483,7.0085,7.0042,10.94,0.780622,0.33323,0.521032,0.3,0.059721,0.061508,0.057275,0.051599,0.047378,0.053724,0.05601,0.060123,0.058242,0.059259,0.058933,0.076302,0.059967,0.073206,0.059799,0.060707,0.046247
23,fused,blank,none,giay_de_nghi_tiep_quy,blank,blank,blank,vlm,vlm_blank_characteristic,0,True,blank,0.875077,blank,0.80448,0.070597,0.080675,0.316242,topk_mean,3,colpali,0.388147,0.801176,0.263165,0.0,0.549507,0.726634,0.44393,0.80448,0.474887,0.436968,0.573003,0.568328,0.199245,0.520874,0.569574,0.717269,0.875077,395.7348,428.9725,376.035,360.3918,407.1066,424.6963,394.7792,429.3132,398.8628,393.7587,407.1525,406.4329,378.7877,402.02,406.0369,420.5995,417.0134,5.4523,6.9812,6.9741,4.861,6.3817,6.3508,6.7794,6.9781,6.5662,6.8483,6.8483,6.9017,5.1124,6.8483,7.0085,7.0042,10.94,0.71838,0.0,0.777574,0.831796,0.050123,0.075756,0.044234,0.033999,0.0589,0.070314,0.052999,0.076006,0.054665,0.052631,0.060301,0.060019,0.041495,0.057238,0.060094,0.069659,0.081566
24,fused,giay_de_nghi_hoan_quy,start,giay_de_nghi_hoan_quy,giay_de_nghi_hoan_quy,blank,giay_de_nghi_hoan_quy,vlm,vlm_blank_characteristic,0,True,blank,0.80577,giay_de_nghi_hoan_quy,0.77989,0.02588,0.047452,0.194612,topk_mean,3,colpali,0.446603,0.520178,0.498843,0.395434,0.260375,0.450088,0.428981,0.77989,0.469735,0.508316,0.510393,0.540852,0.429297,0.538562,0.45616,0.80577,0.3,489.93,488.7436,475.4685,476.0231,343.106,464.0843,437.3532,653.14,469.7886,485.3885,486.7025,504.3045,489.5958,504.5225,447.3945,668.6959,225.8657,5.4523,6.9812,6.9741,4.861,6.3817,6.3508,6.7794,6.9781,6.5662,6.8483,6.8483,6.9017,5.1124,6.8483,7.0085,7.0042,10.94,0.780622,0.329708,0.471256,0.3,0.055779,0.060037,0.05877,0.052996,0.046301,0.055973,0.054804,0.077842,0.057084,0.059329,0.059453,0.061291,0.054821,0.061151,0.056314,0.079882,0.048172
25,fused,giay_de_nghi_hoan_quy,end,giay_de_nghi_hoan_quy,giay_de_nghi_hoan_quy,blank,giay_de_nghi_hoan_quy,vlm,vlm_blank_characteristic,0,True,blank,0.80577,giay_de_nghi_hoan_quy,0.804375,0.001395,0.00269,0.010523,topk_mean,3,colpali,0.501999,0.574872,0.49764,0.396469,0.287146,0.484105,0.496254,0.804375,0.481361,0.542453,0.54537,0.575225,0.454799,0.568224,0.539225,0.80577,0.3,529.5948,528.0903,483.2012,485.0191,377.3685,493.2579,488.0028,662.1831,485.4486,512.9905,514.6939,530.5876,511.8323,528.0378,506.4918,662.2442,253.5296,5.4523,6.9812,6.9741,4.861,6.3817,6.3508,6.7794,6.9781,6.5662,6.8483,6.8483,6.9017,5.1124,6.8483,7.0085,7.0042,10.94,0.642508,0.298055,0.777574,0.3,0.057205,0.06153,0.056957,0.051476,0.046145,0.056191,0.056878,0.077403,0.056037,0.059567,0.059741,0.061552,0.054568,0.061122,0.059375,0.077511,0.046742
26,fused,giay_de_nghi_hoan_quy,start,giay_de_nghi_hoan_quy,giay_de_nghi_hoan_quy,blank,giay_de_nghi_hoan_quy,vlm,vlm_blank_characteristic,0,True,blank,0.80577,giay_de_nghi_hoan_quy,0.777775,0.027995,0.051019,0.210364,topk_mean,3,colpali,0.441304,0.511423,0.49927,0.395962,0.257061,0.440542,0.428799,0.777775,0.471376,0.508563,0.501258,0.540628,0.427023,0.534002,0.458357,0.80577,0.3,503.3327,499.8622,492.1788,492.8147,353.5262,473.9699,452.5562,673.3682,487.123,502.2697,497.5138,521.43,504.9589,518.8311,464.4388,690.7538,235.0297,5.4523,6.9812,6.9741,4.861,6.3817,6.3508,6.7794,6.9781,6.5662,6.8483,6.8483,6.9017,5.1124,6.8483,7.0085,7.0042,10.94,0.780622,0.320154,0.468729,0.3,0.055614,0.059654,0.058933,0.053149,0.046256,0.055572,0.054923,0.07786,0.057312,0.059484,0.059051,0.061422,0.054826,0.061016,0.056571,0.080071,0.048286
27,fused,giay_de_nghi_hoan_quy,end,giay_de_nghi_hoan_quy,giay_de_nghi_hoan_quy,blank,giay_de_nghi_hoan_quy,vlm,vlm_blank_characteristic,0,True,blank,0.80577,giay_de_nghi_hoan_quy,0.78595,0.01982,0.03729,0.148937,topk_mean,3,colpali,0.490307,0.555438,0.488161,0.384644,0.274257,0.524713,0.532621,0.78595,0.429847,0.516127,0.491861,0.591212,0.449745,0.546767,0.515801,0.80577,0.3,509.2219,503.2544,464.5511,464.9955,357.7589,503.4773,495.8203,636.6489,442.4689,484.3134,470.2804,526.2116,495.4679,502.0326,479.5552,647.3648,242.557,5.4523,6.9812,6.9741,4.861,6.3817,6.3508,6.7794,6.9781,6.5662,6.8483,6.8483,6.9017,5.1124,6.8483,7.0085,7.0042,10.94,0.575748,0.310611,0.777574,0.3,0.057111,0.060954,0.056989,0.051384,0.046014,0.05911,0.059579,0.076757,0.05376,0.058605,0.0572,0.063175,0.054841,0.060428,0.058586,0.078293,0.047214
28,fused,the_tiet_kiem_ban_sao,start,the_tiet_kiem_ban_sao,the_tiet_kiem_ban_sao,blank,the_tiet_kiem_ban_sao,vlm,vlm_blank_characteristic,0,True,blank,0.804636,the_tiet_kiem_ban_sao,0.548146,0.256489,0.489162,2.391749,topk_mean,3,colpali,0.517938,0.804636,0.52375,0.417613,0.280291,0.462959,0.471246,0.509017,0.489831,0.51948,0.512398,0.538053,0.471231,0.548146,0.486656,0.511784,0.3,528.3759,663.9958,483.8937,482.7047,346.364,464.6137,456.3566,474.3105,475.0402,485.1376,480.5909,495.3703,509.1618,503.5411,458.9911,475.2585,214.5996,5.4523,6.9812,6.9741,4.861,6.3817,6.3508,6.7794,6.9781,6.5662,6.8483,6.8483,6.9017,5.1124,6.8483,7.0085,7.0042,10.94,0.780622,0.328031,0.490343,0.3,0.06001,0.079935,0.06036,0.054282,0.047317,0.0568,0.057273,0.059477,0.058347,0.060103,0.059679,0.06123,0.057272,0.061851,0.058162,0.059642,0.048259
29,fused,the_tiet_kiem_ban_sao,end,the_tiet_kiem_ban_sao,the_tiet_kiem_ban_sao,blank,the_tiet_kiem_ban_sao,vlm,vlm_blank_characteristic,0,True,blank,0.804636,the_tiet_kiem_ban_sao,0.548126,0.25651,0.463652,2.244134,topk_mean,3,colpali,0.463297,0.804636,0.548126,0.370767,0.251398,0.395006,0.370942,0.472833,0.480052,0.478963,0.461244,0.480558,0.429238,0.469926,0.389581,0.485165,0.3,470.2597,621.5364,475.7953,434.2198,323.6068,406.1784,380.4547,432.8468,448.5169,439.9767,429.8958,439.3856,460.428,434.835,384.6272,439.129,223.273,5.4523,6.9812,6.9741,4.861,6.3817,6.3508,6.7794,6.9781,6.5662,6.8483,6.8483,6.9017,5.1124,6.8483,7.0085,7.0042,10.94,0.502892,0.360601,0.777574,0.3,0.059196,0.083279,0.064437,0.053965,0.047892,0.055289,0.053974,0.059763,0.060196,0.060131,0.059075,0.060227,0.057214,0.05959,0.054989,0.060505,0.050278
30,fused,giay_rut_tien_tiet_kiem,start,giay_rut_tien_tiet_kiem,giay_rut_tien_tiet_kiem,blank,giay_rut_tien_tiet_kiem,vlm,vlm_blank_characteristic,0,True,blank,0.712408,giay_rut_tien_tiet_kiem,0.653464,0.058944,0.140918,0.54318,topk_mean,3,colpali,0.653464,0.600476,0.54041,0.432821,0.294123,0.456479,0.486603,0.53574,0.527165,0.574724,0.552705,0.631201,0.712408,0.621051,0.528197,0.545842,0.3,636.3331,553.0802,514.3731,512.2321,373.6828,479.9075,485.7255,511.2201,518.8351,540.6392,526.3665,575.5398,685.4155,570.6676,505.3583,516.9318,231.6801,5.4523,6.9812,6.9741,4.861,6.3817,6.3508,6.7794,6.9781,6.5662,6.8483,6.8483,6.9017,5.1124,6.8483,7.0085,7.0042,10.94,0.780622,0.358737,0.551206,0.3,0.066238,0.062819,0.059157,0.053123,0.046243,0.054395,0.056058,0.058881,0.058379,0.061222,0.059889,0.064779,0.070259,0.064125,0.058439,0.059479,0.046515
31,fused,blank,none,blank,blank,blank,blank,vlm,vlm_blank_characteristic,0,True,blank,1.0,blank,0.667967,0.332033,0.332033,1.562612,topk_mean,3,colpali,0.369284,0.615133,0.318916,0.0,0.553266,0.639769,0.448472,0.667967,0.340103,0.43526,0.463002,0.438102,0.172124,0.403547,0.59354,0.563904,1.0,390.279,410.8139,375.1588,349.2935,406.9238,417.5318,391.9298,417.1997,380.1378,389.9275,393.2707,389.9526,368.541,386.1058,408.0497,404.5035,433.651,5.4523,6.9812,6.9741,4.861,6.3817,6.3508,6.7794,6.9781,6.5662,6.8483,6.8483,6.9017,5.1124,6.8483,7.0085,7.0042,10.94,0.621807,0.0,0.700599,1.0,0.051884,0.066344,0.049335,0.035863,0.062364,0.067999,0.056159,0.069943,0.050391,0.055422,0.056981,0.05558,0.042599,0.053692,0.064927,0.063031,0.097487
32,fused,giay_gui_tien_tiet_kiem,start,giay_gui_tien_tiet_kiem,giay_gui_tien_tiet_kiem,blank,giay_gui_tien_tiet_kiem,vlm,vlm_blank_characteristic,0,True,blank,0.729186,giay_gui_tien_tiet_kiem,0.570021,0.159165,0.353128,1.564737,topk_mean,3,colpali,0.729186,0.56869,0.511478,0.40539,0.278456,0.421251,0.449708,0.494184,0.4697,0.513288,0.492099,0.564226,0.558363,0.570021,0.498204,0.497084,0.3,690.5153,537.4844,500.6049,499.4356,368.4327,462.035,466.7752,489.262,486.5633,505.8046,492.0618,537.1339,590.6042,542.6005,490.8963,490.3056,236.5052,5.4523,6.9812,6.9741,4.861,6.3817,6.3508,6.7794,6.9781,6.5662,6.8483,6.8483,6.9017,5.1124,6.8483,7.0085,7.0042,10.94,0.780622,0.305796,0.465966,0.3,0.074372,0.063344,0.059822,0.0538,0.047387,0.054661,0.056238,0.058796,0.057374,0.05993,0.058674,0.063062,0.062693,0.063428,0.059033,0.058967,0.048419
33,fused,blank,none,blank,blank,blank,blank,vlm,vlm_blank_characteristic,0,True,blank,1.0,blank,0.447112,0.552888,0.552888,2.770239,topk_mean,3,colpali,0.239332,0.40414,0.277471,0.0,0.412319,0.447112,0.311106,0.429129,0.224053,0.304298,0.297398,0.30008,0.103446,0.277858,0.39429,0.378028,1.0,381.3293,396.8412,374.9131,344.849,403.3972,409.7014,382.4203,401.2061,369.1342,380.6476,379.4498,379.4582,360.6528,376.0577,394.8979,392.1115,466.365,5.4523,6.9812,6.9741,4.861,6.3817,6.3508,6.7794,6.9781,6.5662,6.8483,6.8483,6.9017,5.1124,6.8483,7.0085,7.0042,10.94,0.386226,0.0,0.438585,1.0,0.051945,0.061252,0.053965,0.040889,0.061755,0.063941,0.05581,0.062802,0.051157,0.055432,0.055051,0.055198,0.045345,0.053985,0.060652,0.059673,0.111147
34,fused,to_trinh_uu_dai_lai_suat,start,to_trinh_uu_dai_lai_suat,to_trinh_uu_dai_lai_suat,blank,to_trinh_uu_dai_lai_suat,vlm,vlm_blank_characteristic,0,True,blank,0.804285,to_trinh_uu_dai_lai_suat,0.67266,0.131625,0.234801,1.032211,topk_mean,3,colpali,0.423502,0.495399,0.804285,0.67266,0.243704,0.353802,0.36559,0.413969,0.402936,0.415453,0.405404,0.408392,0.349982,0.410909,0.379719,0.418416,0.3,494.2907,491.8124,707.4872,688.4193,336.9057,414.7539,408.2262,435.1288,441.6085,440.6287,433.6202,433.8671,454.7164,437.4593,410.1951,437.3301,219.2781,5.4523,6.9812,6.9741,4.861,6.3817,6.3508,6.7794,6.9781,6.5662,6.8483,6.8483,6.9017,5.1124,6.8483,7.0085,7.0042,10.94,0.780622,0.334872,0.596725,0.3,0.058091,0.062421,0.085012,0.074527,0.048531,0.05418,0.054822,0.057539,0.056908,0.057625,0.057049,0.057219,0.053973,0.057364,0.055602,0.057796,0.051342
35,fused,blank,none,so_quy,blank,blank,blank,vlm,vlm_blank_characteristic,0,True,blank,0.96907,blank,0.773526,0.195544,0.201785,0.906273,topk_mean,3,colpali,0.449677,0.676139,0.359255,0.0,0.582347,0.773526,0.500768,0.741803,0.377987,0.501162,0.491911,0.487748,0.212393,0.411949,0.560413,0.649339,0.96907,397.9437,414.1784,380.1491,352.7383,407.276,427.9927,396.3959,421.2545,384.3269,396.0723,395.0778,394.347,374.238,386.4814,401.5927,411.1754,424.6675,5.4523,6.9812,6.9741,4.861,6.3817,6.3508,6.7794,6.9781,6.5662,6.8483,6.8483,6.9017,5.1124,6.8483,7.0085,7.0042,10.94,0.675724,0.0,0.777574,0.916668,0.053885,0.06758,0.049227,0.03437,0.06153,0.074493,0.05671,0.072167,0.050157,0.056732,0.05621,0.055976,0.042503,0.05189,0.060195,0.065793,0.090581
36,fused,the_tiet_kiem_ban_sao,start,the_tiet_kiem_ban_sao,the_tiet_kiem_ban_sao,blank,the_tiet_kiem_ban_sao,vlm,vlm_blank_characteristic,0,True,blank,0.804636,the_tiet_kiem_ban_sao,0.551783,0.252853,0.50106,2.399218,topk_mean,3,colpali,0.527459,0.804636,0.511165,0.405061,0.306812,0.463202,0.484586,0.49786,0.511701,0.53354,0.525471,0.546967,0.475533,0.551783,0.498768,0.496533,0.3,533.2216,653.965,478.5186,477.4296,373.7029,468.2209,468.3621,470.4379,490.8872,495.6262,490.7964,502.0864,512.1839,506.5456,470.0835,468.8719,234.981,5.4523,6.9812,6.9741,4.861,6.3817,6.3508,6.7794,6.9781,6.5662,6.8483,6.8483,6.9017,5.1124,6.8483,7.0085,7.0042,10.94,0.780622,0.32751,0.495687,0.3,0.060326,0.079594,0.059351,0.053376,0.048381,0.056571,0.057794,0.058566,0.059383,0.060694,0.060206,0.061514,0.057273,0.061811,0.058619,0.058489,0.048053
37,fused,lenh_chuyen_tien,start,lenh_chuyen_tien,lenh_chuyen_tien,blank,lenh_chuyen_tien,vlm,vlm_blank_characteristic,0,True,blank,0.80598,lenh_chuyen_tien,0.663517,0.142463,0.281559,1.280943,topk_mean,3,colpali,0.553602,0.638482,0.57621,0.42622,0.370788,0.544392,0.531348,0.535326,0.534789,0.592727,0.575103,0.642196,0.509979,0.663517,0.80598,0.545878,0.3,506.2914,511.0382,479.8664,456.8574,391.1715,479.333,462.1198,459.1866,469.1472,491.3059,482.4337,514.8832,492.7769,526.9426,594.6829,463.8492,242.2916,5.4523,6.9812,6.9741,4.861,6.3817,6.3508,6.7794,6.9781,6.5662,6.8483,6.8483,6.9017,5.1124,6.8483,7.0085,7.0042,10.94,0.780622,0.485734,0.60826,0.3,0.058685,0.063884,0.060027,0.051666,0.04888,0.058147,0.057394,0.057623,0.057592,0.061027,0.059961,0.064122,0.05618,0.065504,0.075533,0.058234,0.04554
38,fused,giay_phong_toa_tam_khoa_tk,start,giay_phong_toa_tam_khoa_tk,giay_phong_toa_tam_khoa_tk,blank,giay_phong_toa_tam_khoa_tk,vlm,vlm_blank_characteristic,0,True,blank,0.798078,giay_phong_toa_tam_khoa_tk,0.707242,0.090836,0.182374,0.783425,topk_mean,3,colpali,0.547537,0.580444,0.527473,0.423388,0.31568,0.472829,0.512078,0.55284,0.552124,0.798078,0.707242,0.590063,0.537165,0.577727,0.572857,0.553657,0.3,567.199,539.7791,505.8643,505.9933,388.2035,490.4704,502.1365,522.0886,534.7261,684.2751,625.7295,548.5081,571.3281,542.2546,534.0226,521.7837,233.112,5.4523,6.9812,6.9741,4.861,6.3817,6.3508,6.7794,6.9781,6.5662,6.8483,6.8483,6.9017,5.1124,6.8483,7.0085,7.0042,10.94,0.780622,0.348547,0.559215,0.3,0.059077,0.061053,0.057903,0.052179,0.046851,0.054824,0.057019,0.059391,0.059348,0.075897,0.069307,0.061643,0.058467,0.060887,0.060592,0.059439,0.046122
39,fused,blank,none,blank,blank,blank,blank,vlm,vlm_blank_characteristic,0,True,blank,1.0,blank,0.467381,0.532619,0.532619,2.667917,topk_mean,3,colpali,0.248566,0.415079,0.293904,0.0,0.414202,0.457675,0.322553,0.467381,0.238982,0.323667,0.324613,0.318279,0.109344,0.291522,0.433737,0.397813,1.0,377.4254,393.6502,372.1226,338.3374,398.7657,406.7827,378.9394,402.997,365.9232,378.5315,378.7001,377.1022,355.609,372.8042,396.7352,390.3719,463.0592,5.4523,6.9812,6.9741,4.861,6.3817,6.3508,6.7794,6.9781,6.5662,6.8483,6.8483,6.9017,5.1124,6.8483,7.0085,7.0042,10.94,0.389093,0.0,0.482675,1.0,0.051654,0.061013,0.05405,0.040286,0.060959,0.063668,0.055621,0.064289,0.051161,0.055683,0.055735,0.055383,0.044941,0.053921,0.062162,0.059968,0.109508
40,fused,giay_de_nghi_phong_toa,start,giay_de_nghi_phong_toa,giay_de_nghi_phong_toa,blank,giay_de_nghi_phong_toa,vlm,vlm_blank_characteristic,0,True,blank,0.784156,giay_de_nghi_phong_toa,0.515469,0.268688,0.516801,2.494518,topk_mean,3,colpali,0.444537,0.491287,0.473197,0.366782,0.264251,0.371911,0.401676,0.467729,0.784156,0.515469,0.477024,0.505611,0.447923,0.495812,0.431255,0.465063,0.3,489.9475,472.2614,461.3307,460.0178,350.5909,417.8705,423.1803,457.841,665.352,491.2038,467.5138,483.5064,502.3729,479.0915,434.4406,455.4032,234.0014,5.4523,6.9812,6.9741,4.861,6.3817,6.3508,6.7794,6.9781,6.5662,6.8483,6.8483,6.9017,5.1124,6.8483,7.0085,7.0042,10.94,0.780622,0.305395,0.553097,0.3,0.057966,0.06074,0.059651,0.05363,0.048403,0.053905,0.055534,0.059326,0.081408,0.062227,0.05988,0.061617,0.058163,0.061016,0.057201,0.059168,0.050165
41,fused,giay_de_nghi_phong_toa,end,giay_de_nghi_phong_toa,giay_de_nghi_phong_toa,blank,giay_de_nghi_phong_toa,vlm,vlm_blank_characteristic,0,True,blank,0.784156,giay_de_nghi_phong_toa,0.570629,0.213527,0.419483,1.930911,topk_mean,3,colpali,0.497515,0.562712,0.507725,0.40344,0.275131,0.399078,0.427557,0.517536,0.784156,0.514776,0.497575,0.557896,0.490964,0.570629,0.470705,0.520386,0.3,525.423,519.0887,485.3367,485.3367,359.7088,437.2195,441.7482,491.2768,668.5419,493.5269,482.9009,518.5377,531.7408,528.0312,461.4191,492.2409,236.1038,5.4523,6.9812,6.9741,4.861,6.3817,6.3508,6.7794,6.9781,6.5662,6.8483,6.8483,6.9017,5.1124,6.8483,7.0085,7.0042,10.94,0.556336,0.316316,0.777574,0.3,0.059012,0.062987,0.059617,0.053713,0.047245,0.05348,0.055024,0.060205,0.0786,0.060039,0.059015,0.062685,0.058626,0.063488,0.057451,0.060377,0.048435
42,fused,giay_go_tam_khoa_tai_khoan,start,giay_go_tam_khoa_tai_khoan,giay_go_tam_khoa_tai_khoan,blank,giay_go_tam_khoa_tai_khoan,vlm,vlm_blank_characteristic,0,True,blank,0.798078,giay_go_tam_khoa_tai_khoan,0.762119,0.035958,0.072194,0.295997,topk_mean,3,colpali,0.549312,0.584396,0.536556,0.43277,0.318177,0.472742,0.525823,0.572378,0.544868,0.762119,0.798078,0.604437,0.535483,0.596088,0.570773,0.572519,0.3,569.8568,544.1801,513.9729,514.2901,393.662,492.9473,513.2587,536.6349,532.0635,661.3989,684.2716,559.4236,571.7323,555.7888,534.6592,535.9039,239.0114,5.4523,6.9812,6.9741,4.861,6.3817,6.3508,6.7794,6.9781,6.5662,6.8483,6.8483,6.9017,5.1124,6.8483,7.0085,7.0042,10.94,0.780622,0.344095,0.554623,0.3,0.058604,0.060697,0.057862,0.052158,0.04651,0.054285,0.057244,0.059972,0.058345,0.072502,0.075157,0.061926,0.0578,0.061411,0.059876,0.05998,0.045673
43,fused,blank,none,blank,blank,blank,blank,vlm,vlm_blank_characteristic,0,True,blank,1.0,blank,0.519214,0.480786,0.480786,2.397803,topk_mean,3,colpali,0.302474,0.468621,0.293014,0.0,0.431282,0.508842,0.363076,0.519214,0.279578,0.356338,0.354806,0.356456,0.127026,0.315182,0.495085,0.426839,1.0,389.619,404.0036,376.2078,346.2751,402.7742,415.3167,388.8439,412.0525,377.2693,387.2356,386.9925,386.8364,364.4538,380.7082,407.9876,397.197,457.296,5.4523,6.9812,6.9741,4.861,6.3817,6.3508,6.7794,6.9781,6.5662,6.8483,6.8483,6.9017,5.1124,6.8483,7.0085,7.0042,10.94,0.4465,0.0,0.548672,1.0,0.052829,0.062378,0.052332,0.03904,0.060092,0.064938,0.05613,0.065615,0.051634,0.055753,0.055668,0.05576,0.044328,0.053505,0.064051,0.059825,0.106122
44,fused,giay_de_nghi_phong_toa,start,giay_de_nghi_phong_toa,giay_de_nghi_phong_toa,blank,giay_de_nghi_phong_toa,vlm,vlm_blank_characteristic,0,True,blank,0.784156,giay_de_nghi_phong_toa,0.545141,0.239015,0.470309,2.215193,topk_mean,3,colpali,0.461915,0.503903,0.492416,0.387112,0.275947,0.381912,0.409819,0.486008,0.784156,0.545141,0.501289,0.521434,0.464499,0.516837,0.441668,0.484165,0.3,504.3371,483.7234,476.8627,476.2355,361.5201,427.7365,431.9006,472.795,668.9868,513.1675,486.1526,496.94,516.2653,495.7314,444.5555,470.865,237.7587,5.4523,6.9812,6.9741,4.861,6.3817,6.3508,6.7794,6.9781,6.5662,6.8483,6.8483,6.9017,5.1124,6.8483,7.0085,7.0042,10.94,0.780622,0.31502,0.574608,0.3,0.058108,0.0606,0.059908,0.05392,0.048247,0.05364,0.055158,0.059525,0.080202,0.063151,0.060442,0.061672,0.058258,0.061389,0.056943,0.059415,0.049422
45,fused,giay_de_nghi_phong_toa,end,giay_de_nghi_phong_toa,giay_de_nghi_phong_toa,blank,giay_de_nghi_phong_toa,vlm,vlm_blank_characteristic,0,True,blank,0.784156,giay_de_nghi_phong_toa,0.589219,0.194937,0.388196,1.754102,topk_mean,3,colpali,0.510823,0.584882,0.524679,0.420394,0.281993,0.415749,0.45546,0.535375,0.784156,0.533386,0.519259,0.57946,0.510801,0.589219,0.496533,0.539892,0.3,543.3478,542.4835,505.311,505.3109,372.7435,456.7613,468.2898,511.8331,678.9666,514.5738,505.7999,541.553,553.7543,549.25,486.7773,513.8371,244.2156,5.4523,6.9812,6.9741,4.861,6.3817,6.3508,6.7794,6.9781,6.5662,6.8483,6.8483,6.9017,5.1124,6.8483,7.0085,7.0042,10.94,0.575629,0.330357,0.777574,0.3,0.058811,0.063332,0.059632,0.053726,0.046782,0.053477,0.055644,0.060273,0.077298,0.060153,0.059309,0.06299,0.05881,0.063607,0.057977,0.060546,0.047632
46,fused,the_tiet_kiem_ban_sao,start,the_tiet_kiem_ban_sao,the_tiet_kiem_ban_sao,blank,the_tiet_kiem_ban_sao,vlm,vlm_blank_characteristic,0,True,blank,0.804636,the_tiet_kiem_ban_sao,0.581355,0.223281,0.439527,2.070352,topk_mean,3,colpali,0.561969,0.804636,0.556629,0.452283,0.296634,0.492271,0.496449,0.536704,0.529501,0.553803,0.548109,0.572566,0.509906,0.581355,0.515876,0.541473,0.3,527.9786,625.0648,481.2759,481.24,347.297,461.7683,451.9152,469.594,477.2119,483.2388,479.9328,492.6033,507.4924,499.2354,456.6301,471.614,218.6447,5.4523,6.9812,6.9741,4.861,6.3817,6.3508,6.7794,6.9781,6.5662,6.8483,6.8483,6.9017,5.1124,6.8483,7.0085,7.0042,10.94,0.780622,0.358299,0.527682,0.3,0.060951,0.077691,0.060627,0.054619,0.046747,0.056848,0.057086,0.059431,0.059004,0.060456,0.060112,0.061601,0.057859,0.062144,0.058206,0.059715,0.046904
47,fused,the_tiet_kiem_ban_sao,end,the_tiet_kiem_ban_sao,the_tiet_kiem_ban_sao,blank,the_tiet_kiem_ban_sao,vlm,vlm_blank_characteristic,0,True,blank,0.804636,the_tiet_kiem_ban_sao,0.595197,0.209439,0.390098,1.833904,topk_mean,3,colpali,0.504673,0.804636,0.595197,0.405861,0.267747,0.42776,0.395355,0.500443,0.513864,0.5128,0.497314,0.516846,0.470421,0.509299,0.424783,0.516298,0.3,479.611,599.3353,487.8364,442.4822,328.8106,414.951,386.3932,437.2041,455.1983,447.2075,438.9494,447.9601,470.2927,445.3402,396.0573,444.971,226.0517,5.4523,6.9812,6.9741,4.861,6.3817,6.3508,6.7794,6.9781,6.5662,6.8483,6.8483,6.9017,5.1124,6.8483,7.0085,7.0042,10.94,0.542813,0.396755,0.777574,0.3,0.059877,0.080823,0.065551,0.054244,0.047246,0.055445,0.053677,0.059625,0.06043,0.060366,0.059438,0.060611,0.057861,0.060155,0.05528,0.060577,0.048795
48,fused,giay_rut_tien_tiet_kiem,start,giay_rut_tien_tiet_kiem,giay_rut_tien_tiet_kiem,blank,giay_rut_tien_tiet_kiem,vlm,vlm_blank_characteristic,0,True,blank,0.712408,giay_rut_tien_tiet_kiem,0.652863,0.059545,0.144383,0.55411,topk_mean,3,colpali,0.652863,0.59756,0.544239,0.439954,0.301148,0.466245,0.498362,0.543021,0.532789,0.581152,0.559998,0.636128,0.712408,0.628056,0.537132,0.55011,0.3,635.8344,550.8862,516.473,516.473,377.5355,485.7848,492.9114,515.555,522.1113,544.4872,530.7439,578.493,685.42,574.96,510.7545,519.3226,230.6427,5.4523,6.9812,6.9741,4.861,6.3817,6.3508,6.7794,6.9781,6.5662,6.8483,6.8483,6.9017,5.1124,6.8483,7.0085,7.0042,10.94,0.780622,0.36522,0.56034,0.3,0.065865,0.062322,0.059086,0.053234,0.046335,0.054652,0.056436,0.059014,0.058413,0.061307,0.060024,0.064772,0.069906,0.064251,0.058667,0.059433,0.046282
49,fused,blank,none,blank,blank,blank,blank,vlm,vlm_blank_characteristic,0,True,blank,1.0,blank,0.604782,0.395218,0.395218,1.93477,topk_mean,3,colpali,0.34264,0.556313,0.340853,0.0,0.5099,0.604782,0.401295,0.575625,0.305643,0.398652,0.427008,0.389545,0.155214,0.35913,0.516138,0.486785,1.0,392.7395,411.3811,382.37,350.4649,409.1119,422.1137,391.8179,414.0068,380.3361,391.0024,394.8266,389.4189,369.7248,385.6722,405.7816,401.8512,444.8717,5.4523,6.9812,6.9741,4.861,6.3817,6.3508,6.7794,6.9781,6.5662,6.8483,6.8483,6.9017,5.1124,6.8483,7.0085,7.0042,10.94,0.552738,0.0,0.626232,1.0,0.052554,0.065073,0.05246,0.037308,0.062122,0.068305,0.055729,0.066342,0.050645,0.055581,0.05718,0.055078,0.043572,0.053428,0.062511,0.060702,0.101413
